{
  "chart_orientation": {
    "isHbar": false,
    "isSinglePlot": true
  },
  "ocr_results": [
    {
      "class": "xticklabel",
      "confidence": 0.999993,
      "original_bbox_650": [
        177.63,
        556.37,
        188.8,
        605.24
      ],
      "extended_bbox_650": [
        174.279,
        541.7090000000001,
        192.151,
        619.9010000000001
      ],
      "original_bbox_upscaled": [
        249.50183076923076,
        556.37,
        265.1913846153846,
        605.24
      ],
      "extended_bbox_upscaled": [
        244.7949646153846,
        541.7090000000001,
        269.8982507692308,
        619.9010000000001
      ],
      "ocr_text": "1 Maldives",
      "bbox_extension": {
        "width_extension": 3.351000000000005,
        "height_extension": 14.661000000000001,
        "extension_type": "percentage_based_adaptive",
        "original_bbox_size": {
          "width": 11.170000000000016,
          "height": 48.870000000000005
        }
      }
    },
    {
      "class": "xticklabel",
      "confidence": 0.999986,
      "original_bbox_650": [
        393.39,
        555.3,
        403.03,
        617.82
      ],
      "extended_bbox_650": [
        390.498,
        536.5439999999999,
        405.92199999999997,
        636.576
      ],
      "original_bbox_upscaled": [
        552.5616461538461,
        555.3,
        566.1021384615384,
        617.82
      ],
      "extended_bbox_upscaled": [
        548.4994984615385,
        536.5439999999999,
        570.1642861538461,
        636.576
      ],
      "ocr_text": "= Mauritania",
      "bbox_extension": {
        "width_extension": 2.891999999999996,
        "height_extension": 18.75600000000003,
        "extension_type": "percentage_based_adaptive",
        "original_bbox_size": {
          "width": 9.639999999999986,
          "height": 62.520000000000095
        }
      }
    },
    {
      "class": "xticklabel",
      "confidence": 0.999865,
      "original_bbox_650": [
        69.52,
        555.32,
        80.36,
        604.8
      ],
      "extended_bbox_650": [
        66.268,
        540.4760000000001,
        83.612,
        619.6439999999999
      ],
      "original_bbox_upscaled": [
        97.64886153846153,
        555.32,
        112.8748923076923,
        604.8
      ],
      "extended_bbox_upscaled": [
        93.0810523076923,
        540.4760000000001,
        117.44270153846153,
        619.6439999999999
      ],
      "ocr_text": "1 Malaysia",
      "bbox_extension": {
        "width_extension": 3.252000000000001,
        "height_extension": 14.843999999999971,
        "extension_type": "percentage_based_adaptive",
        "original_bbox_size": {
          "width": 10.840000000000003,
          "height": 49.479999999999905
        }
      }
    },
    {
      "class": "yticklabel",
      "confidence": 0.999842,
      "original_bbox_650": [
        21.08,
        199.98,
        30.18,
        212.33
      ],
      "extended_bbox_650": [
        18.349999999999998,
        196.27499999999998,
        32.91,
        216.03500000000003
      ],
      "original_bbox_upscaled": [
        29.609292307692304,
        199.98,
        42.391292307692304,
        212.33
      ],
      "extended_bbox_upscaled": [
        25.774692307692305,
        196.27499999999998,
        46.225892307692305,
        216.03500000000003
      ],
      "ocr_text": "10",
      "bbox_extension": {
        "width_extension": 2.7300000000000004,
        "height_extension": 3.7050000000000067,
        "extension_type": "percentage_based_adaptive",
        "original_bbox_size": {
          "width": 9.100000000000001,
          "height": 12.350000000000023
        }
      }
    },
    {
      "class": "xticklabel",
      "confidence": 0.999825,
      "original_bbox_650": [
        607.34,
        556.69,
        618.0,
        596.02
      ],
      "extended_bbox_650": [
        604.142,
        544.8910000000001,
        621.198,
        607.819
      ],
      "original_bbox_upscaled": [
        853.0791076923077,
        556.69,
        868.0523076923076,
        596.02
      ],
      "extended_bbox_upscaled": [
        848.5871476923078,
        544.8910000000001,
        872.5442676923077,
        607.819
      ],
      "ocr_text": "- Mexico",
      "bbox_extension": {
        "width_extension": 3.19799999999999,
        "height_extension": 11.798999999999978,
        "extension_type": "percentage_based_adaptive",
        "original_bbox_size": {
          "width": 10.659999999999968,
          "height": 39.32999999999993
        }
      }
    },
    {
      "class": "yticklabel",
      "confidence": 0.999783,
      "original_bbox_650": [
        21.13,
        64.77,
        30.65,
        76.98
      ],
      "extended_bbox_650": [
        18.274,
        61.10699999999999,
        33.506,
        80.643
      ],
      "original_bbox_upscaled": [
        29.679523076923076,
        64.77,
        43.05146153846154,
        76.98
      ],
      "extended_bbox_upscaled": [
        25.66794153846154,
        61.10699999999999,
        47.06304307692308,
        80.643
      ],
      "ocr_text": "14",
      "bbox_extension": {
        "width_extension": 2.856,
        "height_extension": 3.663000000000002,
        "extension_type": "percentage_based_adaptive",
        "original_bbox_size": {
          "width": 9.52,
          "height": 12.210000000000008
        }
      }
    },
    {
      "class": "xticklabel",
      "confidence": 0.999765,
      "original_bbox_650": [
        284.83,
        556.43,
        296.19,
        581.78
      ],
      "extended_bbox_650": [
        281.42199999999997,
        548.8249999999999,
        299.598,
        589.385
      ],
      "original_bbox_upscaled": [
        400.0766,
        556.43,
        416.0330307692308,
        581.78
      ],
      "extended_bbox_upscaled": [
        395.2896707692307,
        548.8249999999999,
        420.81996000000004,
        589.385
      ],
      "ocr_text": "Te -",
      "bbox_extension": {
        "width_extension": 3.408000000000004,
        "height_extension": 7.605000000000007,
        "extension_type": "percentage_based_adaptive",
        "original_bbox_size": {
          "width": 11.360000000000014,
          "height": 25.350000000000023
        }
      }
    },
    {
      "class": "yticklabel",
      "confidence": 0.999314,
      "original_bbox_650": [
        21.31,
        132.93,
        29.77,
        145.69
      ],
      "extended_bbox_650": [
        18.772,
        129.102,
        32.308,
        149.518
      ],
      "original_bbox_upscaled": [
        29.932353846153845,
        132.93,
        41.8154,
        145.69
      ],
      "extended_bbox_upscaled": [
        26.36744,
        129.102,
        45.38031384615385,
        149.518
      ],
      "ocr_text": "12",
      "bbox_extension": {
        "width_extension": 2.5380000000000003,
        "height_extension": 3.827999999999997,
        "extension_type": "percentage_based_adaptive",
        "original_bbox_size": {
          "width": 8.46,
          "height": 12.759999999999991
        }
      }
    },
    {
      "class": "ylabel",
      "confidence": 0.998499,
      "original_bbox_650": [
        7.67,
        221.1,
        22.25,
        355.5
      ],
      "extended_bbox_650": [
        5.4830000000000005,
        200.94,
        24.437,
        375.66
      ],
      "original_bbox_upscaled": [
        10.7734,
        221.1,
        31.252692307692307,
        355.5
      ],
      "extended_bbox_upscaled": [
        7.701506153846155,
        200.94,
        34.324586153846155,
        375.66
      ],
      "ocr_text": "% of population",
      "bbox_extension": {
        "width_extension": 2.187,
        "height_extension": 20.16,
        "extension_type": "percentage_based_adaptive",
        "original_bbox_size": {
          "width": 14.58,